cluster_id,sequence_id,A,C,D,E,F,G,H,I,K,L,M,N,P,Q,R,S,T,V,W,Y
cluster_0,FOXP2_variant_X,0.05555555555555555,0.037037037037037035,0.018518518518518517,0.12962962962962962,0.037037037037037035,0.1111111111111111,0.037037037037037035,0.037037037037037035,0.2037037037037037,0.05555555555555555,0.05555555555555555,0.037037037037037035,0.018518518518518517,0.037037037037037035,0.0,0.037037037037037035,0.037037037037037035,0.05555555555555555,0.0,0.0
cluster_1,SHANK3_synthetic_A,0.023255813953488372,0.0,0.046511627906976744,0.09302325581395349,0.046511627906976744,0.023255813953488372,0.0,0.046511627906976744,0.1511627906976744,0.08139534883720931,0.06976744186046512,0.03488372093023256,0.023255813953488372,0.05813953488372093,0.011627906976744186,0.06976744186046512,0.09302325581395349,0.08139534883720931,0.011627906976744186,0.03488372093023256
